7fa842d3-d9c8-496c-9c87-5f7b3597370d,cpe1-1
7fa842d3-d9c8-496c-9c87-5f7b3597370d,cpe1-2
7fa842d3-d9c8-496c-9c87-5f7b3597370d,cpe1-3
4fcb8f54-9ed1-4c6e-9e01-cd7cba8e586a,cp2-1
4fcb8f54-9ed1-4c6e-9e01-cd7cba8e586a,cpe2-2
4fcb8f54-9ed1-4c6e-9e01-cd7cba8e586a,cpe2-3
7fa842d3-d9c8-496c-9c87-5f7b3597370d,cpe1-1
7fa842d3-d9c8-496c-9c87-5f7b3597370d,cpe1-2
7fa842d3-d9c8-496c-9c87-5f7b3597370d,cpe1-3
4fcb8f54-9ed1-4c6e-9e01-cd7cba8e586a,cp2-1
4fcb8f54-9ed1-4c6e-9e01-cd7cba8e586a,cpe2-2
4fcb8f54-9ed1-4c6e-9e01-cd7cba8e586a,cpe2-3
7fa842d3-d9c8-496c-9c87-5f7b3597370d,cpe1-1
7fa842d3-d9c8-496c-9c87-5f7b3597370d,cpe1-2
7fa842d3-d9c8-496c-9c87-5f7b3597370d,cpe1-3
2d283df8-6a66-47e3-a660-96fb2588d58b,cpe3-1
2d283df8-6a66-47e3-a660-96fb2588d58b,cpe3-2
2d283df8-6a66-47e3-a660-96fb2588d58b,cpe3-3
