7fa842d3-d9c8-496c-9c87-5f7b3597370d,vuln1-1
7fa842d3-d9c8-496c-9c87-5f7b3597370d,vuln1-2
7fa842d3-d9c8-496c-9c87-5f7b3597370d,vuln1-3
4fcb8f54-9ed1-4c6e-9e01-cd7cba8e586a,vuln2-1
4fcb8f54-9ed1-4c6e-9e01-cd7cba8e586a,vuln2-2
4fcb8f54-9ed1-4c6e-9e01-cd7cba8e586a,vuln2-3
7fa842d3-d9c8-496c-9c87-5f7b3597370d,vuln1-1
7fa842d3-d9c8-496c-9c87-5f7b3597370d,vuln1-2
7fa842d3-d9c8-496c-9c87-5f7b3597370d,vuln1-3
4fcb8f54-9ed1-4c6e-9e01-cd7cba8e586a,vuln2-1
4fcb8f54-9ed1-4c6e-9e01-cd7cba8e586a,vuln2-2
4fcb8f54-9ed1-4c6e-9e01-cd7cba8e586a,vuln2-3
2d283df8-6a66-47e3-a660-96fb2588d58b,vuln3-1
2d283df8-6a66-47e3-a660-96fb2588d58b,vuln3-2
2d283df8-6a66-47e3-a660-96fb2588d58b,vuln3-3
7fa842d3-d9c8-496c-9c87-5f7b3597370d,vuln1-1
7fa842d3-d9c8-496c-9c87-5f7b3597370d,vuln1-2
7fa842d3-d9c8-496c-9c87-5f7b3597370d,vuln1-3
